"Draw Date","Winning Numbers","Drawing Type"
"10/25/2025","11,20,36,38,41,44","REGULAR DRAWING"
"10/25/2025","4,10,14,22,25,30","DOUBLE PLAY DRAWING"
"10/22/2025","5,8,10,12,20,28","REGULAR DRAWING"
"10/22/2025","21,24,29,32,36,46","DOUBLE PLAY DRAWING"
"10/18/2025","13,14,19,23,35,37","REGULAR DRAWING"
"10/18/2025","7,9,27,31,41,47","DOUBLE PLAY DRAWING"
"10/15/2025","6,9,25,32,36,41","REGULAR DRAWING"
"10/15/2025","3,12,16,24,39,41","DOUBLE PLAY DRAWING"
"10/11/2025","9,13,16,26,27,42","REGULAR DRAWING"
"10/11/2025","13,19,26,29,33,34","DOUBLE PLAY DRAWING"
"10/08/2025","2,12,27,29,41,42","REGULAR DRAWING"
"10/08/2025","7,10,18,24,25,41","DOUBLE PLAY DRAWING"
"10/04/2025","3,9,17,23,28,29","REGULAR DRAWING"
"10/04/2025","10,11,21,25,28,35","DOUBLE PLAY DRAWING"
"10/01/2025","9,15,20,21,27,33","REGULAR DRAWING"
"10/01/2025","3,12,13,27,33,45","DOUBLE PLAY DRAWING"
"09/27/2025","9,12,18,20,21,35","REGULAR DRAWING"
"09/27/2025","2,12,35,39,44,46","DOUBLE PLAY DRAWING"
"09/24/2025","12,29,32,38,42,45","REGULAR DRAWING"
"09/24/2025","6,9,25,31,36,41","DOUBLE PLAY DRAWING"
"09/20/2025","5,14,19,32,39,40","REGULAR DRAWING"
"09/20/2025","9,24,28,31,37,47","DOUBLE PLAY DRAWING"
"09/17/2025","8,9,10,14,24,47","REGULAR DRAWING"
"09/17/2025","4,17,18,24,31,42","DOUBLE PLAY DRAWING"
"09/13/2025","8,24,25,33,35,36","REGULAR DRAWING"
"09/13/2025","15,20,28,31,41,47","DOUBLE PLAY DRAWING"
"09/10/2025","14,19,32,35,36,45","REGULAR DRAWING"
"09/10/2025","6,9,12,26,27,43","DOUBLE PLAY DRAWING"
"09/06/2025","4,17,28,36,46,47","REGULAR DRAWING"
"09/06/2025","7,10,14,23,31,34","DOUBLE PLAY DRAWING"
"09/03/2025","1,3,7,11,37,41","REGULAR DRAWING"
"09/03/2025","3,5,16,24,26,47","DOUBLE PLAY DRAWING"
"08/30/2025","4,7,30,34,39,44","REGULAR DRAWING"
"08/30/2025","2,13,17,27,36,43","DOUBLE PLAY DRAWING"
"08/27/2025","3,10,16,17,33,34","REGULAR DRAWING"
"08/27/2025","3,5,8,10,15,44","DOUBLE PLAY DRAWING"
"08/23/2025","25,26,29,40,41,47","REGULAR DRAWING"
"08/23/2025","5,11,35,40,44,47","DOUBLE PLAY DRAWING"
"08/20/2025","9,12,15,26,33,47","REGULAR DRAWING"
"08/20/2025","3,10,12,22,29,43","DOUBLE PLAY DRAWING"
"08/16/2025","3,9,19,24,26,34","REGULAR DRAWING"
"08/16/2025","17,21,22,27,30,43","DOUBLE PLAY DRAWING"
"08/13/2025","4,8,10,26,31,34","REGULAR DRAWING"
"08/13/2025","2,6,26,30,35,36","DOUBLE PLAY DRAWING"
"08/09/2025","1,27,32,40,41,42","REGULAR DRAWING"
"08/09/2025","17,25,26,29,34,35","DOUBLE PLAY DRAWING"
"08/06/2025","9,11,12,38,39,42","REGULAR DRAWING"
"08/06/2025","4,9,22,28,29,42","DOUBLE PLAY DRAWING"
"08/02/2025","2,7,19,22,25,41","REGULAR DRAWING"
"08/02/2025","1,12,13,17,32,44","DOUBLE PLAY DRAWING"
"07/30/2025","8,21,28,32,34,35","REGULAR DRAWING"
"07/30/2025","5,18,20,30,37,44","DOUBLE PLAY DRAWING"
"07/26/2025","2,6,8,16,38,47","REGULAR DRAWING"
"07/26/2025","4,10,18,21,41,45","DOUBLE PLAY DRAWING"
"07/23/2025","8,13,19,25,26,37","REGULAR DRAWING"
"07/23/2025","10,27,30,36,37,47","DOUBLE PLAY DRAWING"
"07/19/2025","4,5,6,11,23,47","REGULAR DRAWING"
"07/19/2025","6,11,15,25,31,33","DOUBLE PLAY DRAWING"
"07/16/2025","4,10,12,13,18,40","REGULAR DRAWING"
"07/16/2025","4,8,10,16,20,42","DOUBLE PLAY DRAWING"
"07/12/2025","15,20,26,36,41,47","REGULAR DRAWING"
"07/12/2025","1,14,24,33,34,39","DOUBLE PLAY DRAWING"
"07/09/2025","9,24,30,31,33,39","REGULAR DRAWING"
"07/09/2025","3,26,32,38,41,46","DOUBLE PLAY DRAWING"
"07/05/2025","1,2,17,20,29,38","REGULAR DRAWING"
"07/05/2025","6,13,24,36,39,44","DOUBLE PLAY DRAWING"
"07/02/2025","3,20,22,34,37,42","REGULAR DRAWING"
"07/02/2025","10,11,20,29,33,39","DOUBLE PLAY DRAWING"
"06/28/2025","9,11,14,32,37,38","REGULAR DRAWING"
"06/28/2025","12,26,27,35,37,44","DOUBLE PLAY DRAWING"
"06/25/2025","14,20,26,32,37,38","REGULAR DRAWING"
"06/25/2025","6,25,27,45,46,47","DOUBLE PLAY DRAWING"
"06/21/2025","5,7,28,35,40,47","REGULAR DRAWING"
"06/21/2025","4,8,9,26,30,36","DOUBLE PLAY DRAWING"
"06/18/2025","2,11,17,21,27,44","REGULAR DRAWING"
"06/18/2025","3,27,28,31,33,46","DOUBLE PLAY DRAWING"
"06/14/2025","2,6,16,29,30,36","REGULAR DRAWING"
"06/14/2025","4,9,17,19,36,39","DOUBLE PLAY DRAWING"
"06/11/2025","3,5,14,32,44,47","REGULAR DRAWING"
"06/11/2025","5,10,13,17,20,27","DOUBLE PLAY DRAWING"
"06/07/2025","19,21,25,30,39,41","REGULAR DRAWING"
"06/07/2025","5,19,26,29,36,37","DOUBLE PLAY DRAWING"
"06/04/2025","1,3,7,15,28,40","REGULAR DRAWING"
"06/04/2025","5,9,24,30,33,40","DOUBLE PLAY DRAWING"
"05/31/2025","1,12,14,19,28,44","REGULAR DRAWING"
"05/31/2025","3,4,8,18,21,30","DOUBLE PLAY DRAWING"
"05/28/2025","5,11,13,19,37,38","REGULAR DRAWING"
"05/28/2025","3,5,6,17,44,47","DOUBLE PLAY DRAWING"
"05/24/2025","12,28,33,38,44,45","REGULAR DRAWING"
"05/24/2025","2,4,6,8,13,26","DOUBLE PLAY DRAWING"
"05/21/2025","4,13,18,21,28,31","REGULAR DRAWING"
"05/21/2025","9,13,23,28,35,47","DOUBLE PLAY DRAWING"
"05/17/2025","2,19,23,27,28,46","REGULAR DRAWING"
"05/17/2025","15,18,19,21,33,47","DOUBLE PLAY DRAWING"
"05/14/2025","6,9,13,31,33,43","REGULAR DRAWING"
"05/14/2025","3,8,17,34,38,43","DOUBLE PLAY DRAWING"
"05/10/2025","2,5,15,17,20,24","REGULAR DRAWING"
"05/10/2025","9,14,18,33,37,39","DOUBLE PLAY DRAWING"
"05/07/2025","3,6,20,30,32,43","REGULAR DRAWING"
"05/07/2025","4,23,31,34,36,46","DOUBLE PLAY DRAWING"
"05/03/2025","3,13,31,33,38,45","REGULAR DRAWING"
"05/03/2025","18,20,34,37,39,46","DOUBLE PLAY DRAWING"
"04/30/2025","5,13,29,37,41,43","REGULAR DRAWING"
"04/30/2025","2,3,9,10,32,36","DOUBLE PLAY DRAWING"
"04/26/2025","4,6,14,23,35,46","REGULAR DRAWING"
"04/26/2025","6,9,18,27,30,36","DOUBLE PLAY DRAWING"
"04/23/2025","13,25,30,35,38,46","REGULAR DRAWING"
"04/23/2025","12,14,19,20,21,35","DOUBLE PLAY DRAWING"
"04/19/2025","2,6,8,12,14,33","REGULAR DRAWING"
"04/19/2025","7,12,13,19,33,41","DOUBLE PLAY DRAWING"
"04/16/2025","2,7,8,12,21,46","REGULAR DRAWING"
"04/16/2025","1,4,10,16,23,43","DOUBLE PLAY DRAWING"
"04/12/2025","5,7,15,23,34,45","REGULAR DRAWING"
"04/12/2025","9,15,25,27,34,38","DOUBLE PLAY DRAWING"
"04/09/2025","1,6,9,20,22,45","REGULAR DRAWING"
"04/09/2025","9,20,24,26,27,36","DOUBLE PLAY DRAWING"
"04/05/2025","1,2,3,12,15,19","REGULAR DRAWING"
"04/05/2025","10,12,15,27,38,41","DOUBLE PLAY DRAWING"
"04/02/2025","9,30,32,38,40,45","REGULAR DRAWING"
"04/02/2025","15,16,22,34,35,44","DOUBLE PLAY DRAWING"
"03/29/2025","5,14,21,24,26,37","REGULAR DRAWING"
"03/29/2025","13,24,30,34,36,42","DOUBLE PLAY DRAWING"
"03/26/2025","2,3,10,14,16,23","REGULAR DRAWING"
"03/26/2025","5,15,30,33,40,46","DOUBLE PLAY DRAWING"
"03/22/2025","4,5,25,27,37,40","REGULAR DRAWING"
"03/22/2025","3,12,22,23,29,45","DOUBLE PLAY DRAWING"
"03/19/2025","2,7,11,13,23,31","REGULAR DRAWING"
"03/19/2025","9,11,13,17,20,30","DOUBLE PLAY DRAWING"
"03/15/2025","4,9,12,14,16,33","REGULAR DRAWING"
"03/15/2025","1,3,15,16,19,43","DOUBLE PLAY DRAWING"
"03/12/2025","13,18,21,23,33,39","REGULAR DRAWING"
"03/12/2025","18,19,24,27,39,44","DOUBLE PLAY DRAWING"
"03/08/2025","6,9,14,25,26,27","REGULAR DRAWING"
"03/08/2025","3,13,21,24,27,46","DOUBLE PLAY DRAWING"
"03/05/2025","14,18,19,25,36,41","REGULAR DRAWING"
"03/05/2025","14,20,24,26,44,47","DOUBLE PLAY DRAWING"
"03/01/2025","9,12,14,15,29,44","REGULAR DRAWING"
"03/01/2025","23,28,36,37,39,47","DOUBLE PLAY DRAWING"
"02/26/2025","15,19,23,30,34,47","REGULAR DRAWING"
"02/26/2025","10,13,15,22,23,27","DOUBLE PLAY DRAWING"
"02/22/2025","2,17,21,27,38,40","REGULAR DRAWING"
"02/22/2025","21,22,36,41,44,46","DOUBLE PLAY DRAWING"
"02/19/2025","4,10,11,26,28,34","REGULAR DRAWING"
"02/19/2025","2,4,10,21,35,39","DOUBLE PLAY DRAWING"
"02/15/2025","2,11,15,17,33,44","REGULAR DRAWING"
"02/15/2025","5,19,30,33,40,43","DOUBLE PLAY DRAWING"
"02/12/2025","2,11,18,35,38,43","REGULAR DRAWING"
"02/12/2025","15,16,17,26,41,45","DOUBLE PLAY DRAWING"
"02/08/2025","22,33,36,39,41,45","REGULAR DRAWING"
"02/08/2025","7,9,29,32,35,41","DOUBLE PLAY DRAWING"
"02/05/2025","7,24,29,41,43,44","REGULAR DRAWING"
"02/05/2025","8,23,34,37,39,42","DOUBLE PLAY DRAWING"
"02/01/2025","2,5,24,36,38,44","REGULAR DRAWING"
"02/01/2025","3,8,11,13,20,33","DOUBLE PLAY DRAWING"
"01/29/2025","12,17,21,28,29,33","REGULAR DRAWING"
"01/29/2025","14,22,23,24,37,46","DOUBLE PLAY DRAWING"
"01/25/2025","14,21,23,27,37,40","REGULAR DRAWING"
"01/25/2025","4,5,19,31,36,44","DOUBLE PLAY DRAWING"
"01/22/2025","3,16,25,28,30,38","REGULAR DRAWING"
"01/22/2025","5,23,24,25,30,45","DOUBLE PLAY DRAWING"
"01/18/2025","7,21,22,34,37,43","REGULAR DRAWING"
"01/18/2025","1,5,20,22,28,47","DOUBLE PLAY DRAWING"
"01/15/2025","2,10,12,21,22,23","REGULAR DRAWING"
"01/15/2025","5,8,13,16,18,37","DOUBLE PLAY DRAWING"
"01/11/2025","3,4,25,32,33,34","REGULAR DRAWING"
"01/11/2025","10,16,27,38,44,46","DOUBLE PLAY DRAWING"
"01/08/2025","4,8,17,28,36,43","REGULAR DRAWING"
"01/08/2025","12,16,25,28,41,45","DOUBLE PLAY DRAWING"
"01/04/2025","4,21,23,33,42,46","REGULAR DRAWING"
"01/04/2025","1,12,19,32,39,45","DOUBLE PLAY DRAWING"
"01/01/2025","2,31,36,39,46,47","REGULAR DRAWING"
"01/01/2025","3,9,19,42,43,45","DOUBLE PLAY DRAWING"
"12/28/2024","5,7,25,34,35,36","REGULAR DRAWING"
"12/28/2024","2,9,19,24,43,46","DOUBLE PLAY DRAWING"
"12/25/2024","2,14,27,31,45,46","REGULAR DRAWING"
"12/25/2024","8,14,26,37,39,46","DOUBLE PLAY DRAWING"
"12/21/2024","1,10,15,22,29,38","REGULAR DRAWING"
"12/21/2024","7,27,29,32,37,41","DOUBLE PLAY DRAWING"
"12/18/2024","16,18,26,30,32,37","REGULAR DRAWING"
"12/18/2024","3,20,25,32,37,42","DOUBLE PLAY DRAWING"
"12/14/2024","9,15,16,30,40,44","REGULAR DRAWING"
"12/14/2024","2,5,8,16,17,35","DOUBLE PLAY DRAWING"
"12/11/2024","33,35,42,44,45,47","REGULAR DRAWING"
"12/11/2024","1,12,17,26,34,42","DOUBLE PLAY DRAWING"
"12/07/2024","2,3,10,16,18,38","REGULAR DRAWING"
"12/07/2024","2,18,27,28,42,46","DOUBLE PLAY DRAWING"
"12/04/2024","2,10,13,24,29,46","REGULAR DRAWING"
"12/04/2024","2,3,13,15,29,31","DOUBLE PLAY DRAWING"
"11/30/2024","2,8,13,18,20,23","REGULAR DRAWING"
"11/30/2024","17,21,25,32,39,40","DOUBLE PLAY DRAWING"
"11/27/2024","8,10,20,21,34,35","REGULAR DRAWING"
"11/27/2024","9,16,23,24,35,46","DOUBLE PLAY DRAWING"
"11/23/2024","22,28,31,32,33,37","REGULAR DRAWING"
"11/23/2024","10,12,23,33,37,41","DOUBLE PLAY DRAWING"
"11/20/2024","9,10,14,20,23,32","REGULAR DRAWING"
"11/20/2024","3,9,15,20,30,42","DOUBLE PLAY DRAWING"
"11/16/2024","4,5,7,31,43,45","REGULAR DRAWING"
"11/16/2024","1,4,5,21,45,46","DOUBLE PLAY DRAWING"
"11/13/2024","8,11,18,22,37,47","REGULAR DRAWING"
"11/13/2024","3,6,13,18,25,35","DOUBLE PLAY DRAWING"
"11/09/2024","2,21,22,24,27,32","REGULAR DRAWING"
"11/09/2024","3,5,12,21,37,41","DOUBLE PLAY DRAWING"
"11/06/2024","20,22,23,27,39,41","REGULAR DRAWING"
"11/06/2024","9,24,25,28,41,42","DOUBLE PLAY DRAWING"
"11/02/2024","6,13,27,33,41,44","REGULAR DRAWING"
"11/02/2024","10,11,16,33,36,43","DOUBLE PLAY DRAWING"
"10/30/2024","7,21,26,27,40,44","REGULAR DRAWING"
"10/30/2024","6,7,18,23,29,44","DOUBLE PLAY DRAWING"
"10/26/2024","1,3,7,17,33,43","REGULAR DRAWING"
"10/26/2024","5,9,19,28,38,47","DOUBLE PLAY DRAWING"
"10/23/2024","9,21,28,34,35,47","REGULAR DRAWING"
"10/23/2024","5,13,17,38,43,44","DOUBLE PLAY DRAWING"
"10/19/2024","11,15,20,32,35,39","REGULAR DRAWING"
"10/19/2024","4,16,21,23,34,41","DOUBLE PLAY DRAWING"
"10/16/2024","6,16,30,34,45,47","REGULAR DRAWING"
"10/16/2024","2,11,32,34,40,42","DOUBLE PLAY DRAWING"
"10/12/2024","2,4,17,35,37,40","REGULAR DRAWING"
"10/12/2024","8,14,28,29,35,42","DOUBLE PLAY DRAWING"
"10/09/2024","14,15,23,31,35,38","REGULAR DRAWING"
"10/09/2024","1,5,13,28,39,46","DOUBLE PLAY DRAWING"
"10/05/2024","2,5,20,33,40,41","REGULAR DRAWING"
"10/05/2024","14,20,37,39,40,45","DOUBLE PLAY DRAWING"
"10/02/2024","12,13,23,30,34,42","REGULAR DRAWING"
"10/02/2024","7,9,10,22,37,47","DOUBLE PLAY DRAWING"
"09/28/2024","2,3,19,32,33,37","REGULAR DRAWING"
"09/28/2024","9,27,29,34,42,45","DOUBLE PLAY DRAWING"
"09/25/2024","4,12,25,33,41,47","REGULAR DRAWING"
"09/25/2024","8,17,23,25,42,45","DOUBLE PLAY DRAWING"
"09/21/2024","2,8,16,22,37,43","REGULAR DRAWING"
"09/21/2024","1,2,7,17,18,41","DOUBLE PLAY DRAWING"
"09/18/2024","5,12,13,36,39,45","REGULAR DRAWING"
"09/18/2024","10,11,19,34,36,45","DOUBLE PLAY DRAWING"
"09/14/2024","1,3,7,26,30,45","REGULAR DRAWING"
"09/14/2024","2,18,28,36,42,45","DOUBLE PLAY DRAWING"
"09/11/2024","9,26,29,36,37,45","REGULAR DRAWING"
"09/11/2024","15,18,26,37,40,47","DOUBLE PLAY DRAWING"
"09/07/2024","6,16,19,34,37,47","REGULAR DRAWING"
"09/07/2024","1,3,6,18,24,37","DOUBLE PLAY DRAWING"
"09/04/2024","4,5,11,17,18,26","REGULAR DRAWING"
"09/04/2024","6,8,15,24,25,26","DOUBLE PLAY DRAWING"
"08/31/2024","5,20,21,22,25,46","REGULAR DRAWING"
"08/31/2024","18,23,40,43,45,46","DOUBLE PLAY DRAWING"
"08/28/2024","5,7,19,22,24,38","REGULAR DRAWING"
"08/28/2024","13,19,22,32,40,41","DOUBLE PLAY DRAWING"
"08/24/2024","2,9,18,33,38,40","REGULAR DRAWING"
"08/24/2024","3,11,12,21,31,35","DOUBLE PLAY DRAWING"
"08/21/2024","22,24,25,31,32,33","REGULAR DRAWING"
"08/21/2024","3,13,25,27,37,42","DOUBLE PLAY DRAWING"
"08/17/2024","3,8,27,34,40,43","REGULAR DRAWING"
"08/17/2024","22,29,31,40,44,46","DOUBLE PLAY DRAWING"
"08/14/2024","3,28,29,34,36,47","REGULAR DRAWING"
"08/14/2024","3,5,23,31,41,46","DOUBLE PLAY DRAWING"
"08/10/2024","2,3,6,15,34,39","REGULAR DRAWING"
"08/10/2024","5,6,23,28,29,47","DOUBLE PLAY DRAWING"
"08/07/2024","2,23,29,36,41,44","REGULAR DRAWING"
"08/07/2024","1,6,17,30,37,41","DOUBLE PLAY DRAWING"
"08/03/2024","7,11,15,19,35,45","REGULAR DRAWING"
"08/03/2024","23,29,37,40,45,46","DOUBLE PLAY DRAWING"
"07/31/2024","8,12,20,21,23,30","REGULAR DRAWING"
"07/31/2024","13,22,29,32,42,47","DOUBLE PLAY DRAWING"
"07/27/2024","4,32,34,42,44,46","REGULAR DRAWING"
"07/27/2024","17,24,30,34,38,46","DOUBLE PLAY DRAWING"
"07/24/2024","12,28,30,34,37,46","REGULAR DRAWING"
"07/24/2024","2,3,14,20,37,46","DOUBLE PLAY DRAWING"
"07/20/2024","5,14,20,31,33,41","REGULAR DRAWING"
"07/20/2024","4,16,26,29,44,45","DOUBLE PLAY DRAWING"
"07/17/2024","1,9,22,34,38,45","REGULAR DRAWING"
"07/17/2024","4,12,22,26,40,44","DOUBLE PLAY DRAWING"
"07/13/2024","3,12,32,33,43,45","REGULAR DRAWING"
"07/13/2024","5,6,11,16,27,41","DOUBLE PLAY DRAWING"
"07/10/2024","9,17,20,26,39,44","REGULAR DRAWING"
"07/10/2024","12,26,28,36,43,44","DOUBLE PLAY DRAWING"
"07/06/2024","10,23,26,27,31,33","REGULAR DRAWING"
"07/06/2024","21,23,29,36,41,44","DOUBLE PLAY DRAWING"
"07/03/2024","6,8,9,19,40,41","REGULAR DRAWING"
"07/03/2024","7,8,11,24,43,46","DOUBLE PLAY DRAWING"
"06/29/2024","24,25,28,29,30,44","REGULAR DRAWING"
"06/29/2024","7,11,14,33,40,43","DOUBLE PLAY DRAWING"
"06/26/2024","17,18,24,29,36,43","REGULAR DRAWING"
"06/26/2024","2,4,18,19,27,36","DOUBLE PLAY DRAWING"
"06/22/2024","3,4,6,15,37,47","REGULAR DRAWING"
"06/22/2024","5,24,25,26,28,30","DOUBLE PLAY DRAWING"
"06/19/2024","9,10,12,22,39,42","REGULAR DRAWING"
"06/19/2024","10,14,23,25,29,30","DOUBLE PLAY DRAWING"
"06/15/2024","2,3,25,31,33,40","REGULAR DRAWING"
"06/15/2024","8,22,23,31,39,47","DOUBLE PLAY DRAWING"
"06/12/2024","9,10,13,33,44,45","REGULAR DRAWING"
"06/12/2024","5,8,17,20,22,44","DOUBLE PLAY DRAWING"
"06/08/2024","1,13,24,39,45,46","REGULAR DRAWING"
"06/08/2024","1,7,21,24,25,35","DOUBLE PLAY DRAWING"
"06/05/2024","23,28,31,34,35,40","REGULAR DRAWING"
"06/05/2024","4,5,9,35,36,41","DOUBLE PLAY DRAWING"
"06/01/2024","2,10,14,20,43,44","REGULAR DRAWING"
"06/01/2024","4,7,18,22,28,41","DOUBLE PLAY DRAWING"
"05/29/2024","4,18,20,30,36,42","REGULAR DRAWING"
"05/29/2024","2,7,10,24,26,45","DOUBLE PLAY DRAWING"
"05/25/2024","1,2,25,26,27,39","REGULAR DRAWING"
"05/25/2024","5,22,28,38,42,44","DOUBLE PLAY DRAWING"
"05/22/2024","22,24,26,40,41,44","REGULAR DRAWING"
"05/22/2024","9,17,21,23,28,29","DOUBLE PLAY DRAWING"
"05/18/2024","5,8,9,12,13,40","REGULAR DRAWING"
"05/18/2024","3,25,38,39,45,46","DOUBLE PLAY DRAWING"
"05/15/2024","15,17,21,35,38,43","REGULAR DRAWING"
"05/15/2024","11,16,24,33,34,47","DOUBLE PLAY DRAWING"
"05/11/2024","15,21,22,33,40,46","REGULAR DRAWING"
"05/11/2024","2,4,9,11,17,25","DOUBLE PLAY DRAWING"
"05/08/2024","7,10,15,24,35,46","REGULAR DRAWING"
"05/08/2024","13,16,21,31,40,46","DOUBLE PLAY DRAWING"
"05/04/2024","4,15,22,40,46,47","REGULAR DRAWING"
"05/04/2024","7,15,16,19,37,44","DOUBLE PLAY DRAWING"
"05/01/2024","5,9,21,24,26,32","REGULAR DRAWING"
"05/01/2024","4,8,10,31,38,45","DOUBLE PLAY DRAWING"
"04/27/2024","7,16,19,24,28,38","REGULAR DRAWING"
"04/27/2024","26,27,28,34,39,40","DOUBLE PLAY DRAWING"
"04/24/2024","12,17,23,29,36,39","REGULAR DRAWING"
"04/24/2024","1,13,18,22,31,45","DOUBLE PLAY DRAWING"
"04/20/2024","4,9,20,22,30,45","REGULAR DRAWING"
"04/20/2024","3,18,25,34,41,44","DOUBLE PLAY DRAWING"
"04/17/2024","2,9,10,15,18,21","REGULAR DRAWING"
"04/17/2024","2,9,11,26,33,47","DOUBLE PLAY DRAWING"
"04/13/2024","1,9,23,32,34,47","REGULAR DRAWING"
"04/13/2024","3,4,11,29,34,43","DOUBLE PLAY DRAWING"
"04/10/2024","5,12,15,21,26,41","REGULAR DRAWING"
"04/10/2024","8,13,14,16,22,25","DOUBLE PLAY DRAWING"
"04/06/2024","12,22,27,36,42,44","REGULAR DRAWING"
"04/06/2024","9,16,23,25,33,47","DOUBLE PLAY DRAWING"
"04/03/2024","2,4,17,19,32,46","REGULAR DRAWING"
"04/03/2024","3,6,20,21,36,40","DOUBLE PLAY DRAWING"
"03/30/2024","5,12,18,20,23,31","REGULAR DRAWING"
"03/30/2024","4,10,11,15,21,47","DOUBLE PLAY DRAWING"
"03/27/2024","3,5,10,16,19,23","REGULAR DRAWING"
"03/27/2024","2,4,27,30,40,44","DOUBLE PLAY DRAWING"
"03/23/2024","8,13,27,30,34,35","REGULAR DRAWING"
"03/23/2024","10,17,21,36,38,46","DOUBLE PLAY DRAWING"
"03/20/2024","15,18,24,28,37,39","REGULAR DRAWING"
"03/20/2024","1,9,10,13,23,42","DOUBLE PLAY DRAWING"
"03/16/2024","1,10,21,30,32,38","REGULAR DRAWING"
"03/16/2024","7,14,24,31,34,38","DOUBLE PLAY DRAWING"
"03/13/2024","4,12,14,16,25,47","REGULAR DRAWING"
"03/13/2024","5,11,15,29,34,46","DOUBLE PLAY DRAWING"
"03/09/2024","17,29,33,38,42,43","REGULAR DRAWING"
"03/09/2024","7,25,34,39,41,44","DOUBLE PLAY DRAWING"
"03/06/2024","4,21,23,31,33,42","REGULAR DRAWING"
"03/06/2024","4,11,12,21,22,39","DOUBLE PLAY DRAWING"
"03/02/2024","18,23,27,29,44,46","REGULAR DRAWING"
"03/02/2024","2,9,14,24,45,46","DOUBLE PLAY DRAWING"
"02/28/2024","4,10,16,21,33,47","REGULAR DRAWING"
"02/28/2024","32,33,35,39,42,45","DOUBLE PLAY DRAWING"
"02/24/2024","16,18,21,28,35,43","REGULAR DRAWING"
"02/24/2024","14,16,17,33,41,44","DOUBLE PLAY DRAWING"
"02/21/2024","13,16,25,27,31,47","REGULAR DRAWING"
"02/21/2024","21,23,26,27,42,43","DOUBLE PLAY DRAWING"
"02/17/2024","11,12,13,28,40,46","REGULAR DRAWING"
"02/17/2024","10,11,22,26,43,44","DOUBLE PLAY DRAWING"
"02/14/2024","5,10,24,30,41,43","REGULAR DRAWING"
"02/14/2024","15,19,30,31,44,46","DOUBLE PLAY DRAWING"
"02/10/2024","1,15,27,37,41,44","REGULAR DRAWING"
"02/10/2024","14,16,21,31,32,35","DOUBLE PLAY DRAWING"
"02/07/2024","11,13,15,35,45,47","REGULAR DRAWING"
"02/07/2024","17,20,32,41,45,47","DOUBLE PLAY DRAWING"
"02/03/2024","7,9,27,36,40,44","REGULAR DRAWING"
"02/03/2024","10,12,23,28,31,33","DOUBLE PLAY DRAWING"
"01/31/2024","3,5,7,16,19,30","REGULAR DRAWING"
"01/31/2024","12,13,37,38,39,46","DOUBLE PLAY DRAWING"
"01/27/2024","9,12,25,30,38,41","REGULAR DRAWING"
"01/27/2024","17,23,32,33,45,47","DOUBLE PLAY DRAWING"
"01/24/2024","13,19,25,32,37,41","REGULAR DRAWING"
"01/24/2024","2,5,8,18,20,46","DOUBLE PLAY DRAWING"
"01/20/2024","8,23,26,31,36,40","REGULAR DRAWING"
"01/20/2024","7,15,24,35,37,42","DOUBLE PLAY DRAWING"
"01/17/2024","5,12,15,24,40,45","REGULAR DRAWING"
"01/17/2024","6,11,13,19,37,44","DOUBLE PLAY DRAWING"
"01/13/2024","1,2,10,19,27,36","REGULAR DRAWING"
"01/13/2024","2,25,30,34,42,46","DOUBLE PLAY DRAWING"
"01/10/2024","12,16,18,27,32,33","REGULAR DRAWING"
"01/10/2024","2,26,28,29,43,45","DOUBLE PLAY DRAWING"
"01/06/2024","5,20,33,35,45,47","REGULAR DRAWING"
"01/06/2024","8,11,23,31,40,42","DOUBLE PLAY DRAWING"
"01/03/2024","1,8,13,15,27,42","REGULAR DRAWING"
"01/03/2024","1,9,10,28,41,47","DOUBLE PLAY DRAWING"
"12/30/2023","4,6,20,27,30,37","REGULAR DRAWING"
"12/30/2023","9,13,14,36,39,46","DOUBLE PLAY DRAWING"
"12/27/2023","8,9,19,25,27,43","REGULAR DRAWING"
"12/27/2023","11,16,34,37,39,42","DOUBLE PLAY DRAWING"
"12/23/2023","12,17,19,26,28,44","REGULAR DRAWING"
"12/23/2023","2,10,30,31,39,47","DOUBLE PLAY DRAWING"
"12/20/2023","3,9,12,29,30,34","REGULAR DRAWING"
"12/20/2023","1,13,19,29,34,38","DOUBLE PLAY DRAWING"
"12/16/2023","3,11,19,29,37,41","REGULAR DRAWING"
"12/16/2023","2,11,16,22,33,41","DOUBLE PLAY DRAWING"
"12/13/2023","7,19,22,30,44,46","REGULAR DRAWING"
"12/13/2023","3,6,23,27,41,47","DOUBLE PLAY DRAWING"
"12/09/2023","1,3,11,16,40,41","REGULAR DRAWING"
"12/09/2023","8,17,32,37,39,45","DOUBLE PLAY DRAWING"
"12/06/2023","2,17,19,25,41,43","REGULAR DRAWING"
"12/06/2023","6,17,18,37,38,45","DOUBLE PLAY DRAWING"
"12/02/2023","3,10,21,27,37,44","REGULAR DRAWING"
"12/02/2023","14,20,24,26,29,32","DOUBLE PLAY DRAWING"
"11/29/2023","3,21,23,40,46,47","REGULAR DRAWING"
"11/29/2023","16,25,37,39,43,44","DOUBLE PLAY DRAWING"
"11/25/2023","5,8,21,40,45,46","REGULAR DRAWING"
"11/25/2023","5,17,28,29,34,43","DOUBLE PLAY DRAWING"
"11/22/2023","4,8,14,17,27,38","REGULAR DRAWING"
"11/22/2023","4,12,16,26,32,44","DOUBLE PLAY DRAWING"
"11/18/2023","11,22,26,29,38,40","REGULAR DRAWING"
"11/18/2023","18,19,30,34,39,41","DOUBLE PLAY DRAWING"
"11/15/2023","2,16,22,24,29,32","REGULAR DRAWING"
"11/15/2023","1,24,26,34,42,45","DOUBLE PLAY DRAWING"
"11/11/2023","15,18,21,24,32,39","REGULAR DRAWING"
"11/11/2023","1,8,21,28,34,44","DOUBLE PLAY DRAWING"
"11/08/2023","3,17,23,33,36,38","REGULAR DRAWING"
"11/08/2023","9,12,18,25,34,46","DOUBLE PLAY DRAWING"
"11/04/2023","5,14,33,40,42,44","REGULAR DRAWING"
"11/04/2023","1,2,13,28,31,35","DOUBLE PLAY DRAWING"
"11/01/2023","6,22,23,36,41,46","REGULAR DRAWING"
"11/01/2023","2,10,24,26,27,43","DOUBLE PLAY DRAWING"
"10/28/2023","2,5,8,10,17,29","REGULAR DRAWING"
"10/28/2023","16,18,23,24,32,38","DOUBLE PLAY DRAWING"
"10/25/2023","1,11,22,28,43,47","REGULAR DRAWING"
"10/25/2023","2,4,14,20,30,46","DOUBLE PLAY DRAWING"
"10/21/2023","7,9,11,17,34,38","REGULAR DRAWING"
"10/21/2023","9,10,27,28,39,47","DOUBLE PLAY DRAWING"
"10/18/2023","4,14,24,27,43,44","REGULAR DRAWING"
"10/18/2023","4,12,16,33,41,47","DOUBLE PLAY DRAWING"
"10/14/2023","3,8,12,28,30,41","REGULAR DRAWING"
"10/14/2023","4,20,21,28,29,47","DOUBLE PLAY DRAWING"
"10/11/2023","7,9,15,30,35,47","REGULAR DRAWING"
"10/11/2023","5,15,17,18,38,44","DOUBLE PLAY DRAWING"
"10/07/2023","7,8,11,12,27,32","REGULAR DRAWING"
"10/07/2023","2,12,29,31,41,45","DOUBLE PLAY DRAWING"
"10/04/2023","7,23,28,35,41,44","REGULAR DRAWING"
"10/04/2023","6,7,11,24,33,45","DOUBLE PLAY DRAWING"
"09/30/2023","4,8,16,38,41,43","REGULAR DRAWING"
"09/30/2023","1,17,19,38,44,47","DOUBLE PLAY DRAWING"
"09/27/2023","1,13,25,35,38,46","REGULAR DRAWING"
"09/27/2023","1,4,5,20,24,39","DOUBLE PLAY DRAWING"
"09/23/2023","2,12,26,31,32,41","REGULAR DRAWING"
"09/23/2023","1,14,23,27,35,40","DOUBLE PLAY DRAWING"
"09/20/2023","3,16,26,28,30,45","REGULAR DRAWING"
"09/20/2023","4,27,30,36,42,45","DOUBLE PLAY DRAWING"
"09/16/2023","3,9,30,41,46,47","REGULAR DRAWING"
"09/16/2023","4,6,9,28,29,40","DOUBLE PLAY DRAWING"
"09/13/2023","5,9,13,29,45,47","REGULAR DRAWING"
"09/13/2023","17,18,38,39,43,45","DOUBLE PLAY DRAWING"
"09/09/2023","4,5,11,22,27,38","REGULAR DRAWING"
"09/09/2023","18,27,36,38,40,43","DOUBLE PLAY DRAWING"
"09/06/2023","9,10,13,15,18,43","REGULAR DRAWING"
"09/06/2023","3,7,10,35,36,46","DOUBLE PLAY DRAWING"
"09/02/2023","18,29,39,41,42,47","REGULAR DRAWING"
"09/02/2023","7,20,32,38,40,45","DOUBLE PLAY DRAWING"
"08/30/2023","20,21,30,36,37,38","REGULAR DRAWING"
"08/30/2023","4,7,21,40,45,46","DOUBLE PLAY DRAWING"
"08/26/2023","5,6,11,26,33,47","REGULAR DRAWING"
"08/26/2023","9,14,15,19,36,37","DOUBLE PLAY DRAWING"
"08/23/2023","1,8,10,17,24,34","REGULAR DRAWING"
"08/23/2023","11,16,31,36,39,41","DOUBLE PLAY DRAWING"
"08/19/2023","7,16,18,27,39,40","REGULAR DRAWING"
"08/19/2023","15,20,21,26,27,33","DOUBLE PLAY DRAWING"
"08/16/2023","17,18,24,36,43,46","REGULAR DRAWING"
"08/16/2023","4,22,35,36,45,46","DOUBLE PLAY DRAWING"
"08/12/2023","5,15,22,31,33,37","REGULAR DRAWING"
"08/12/2023","31,42,43,44,45,47","DOUBLE PLAY DRAWING"
"08/09/2023","4,6,16,29,30,32","REGULAR DRAWING"
"08/09/2023","11,17,37,39,42,46","DOUBLE PLAY DRAWING"
"08/05/2023","8,10,18,21,32,34","REGULAR DRAWING"
"08/05/2023","5,14,21,22,31,37","DOUBLE PLAY DRAWING"
"08/02/2023","4,6,8,16,32,47","REGULAR DRAWING"
"08/02/2023","14,17,20,28,29,34","DOUBLE PLAY DRAWING"
"07/29/2023","2,11,12,20,29,42","REGULAR DRAWING"
"07/29/2023","1,3,8,21,29,41","DOUBLE PLAY DRAWING"
"07/26/2023","5,16,24,30,31,37","REGULAR DRAWING"
"07/26/2023","2,3,4,9,43,45","DOUBLE PLAY DRAWING"
"07/22/2023","8,10,13,18,24,38","REGULAR DRAWING"
"07/22/2023","9,13,18,30,36,37","DOUBLE PLAY DRAWING"
"07/19/2023","11,15,16,17,29,43","REGULAR DRAWING"
"07/19/2023","2,8,19,23,31,35","DOUBLE PLAY DRAWING"
"07/15/2023","7,8,11,15,30,32","REGULAR DRAWING"
"07/15/2023","23,25,35,38,39,46","DOUBLE PLAY DRAWING"
"07/12/2023","14,20,28,29,34,44","REGULAR DRAWING"
"07/12/2023","8,17,24,26,36,37","DOUBLE PLAY DRAWING"
"07/08/2023","12,24,27,29,30,40","REGULAR DRAWING"
"07/08/2023","15,18,22,33,40,41","DOUBLE PLAY DRAWING"
"07/05/2023","3,13,28,29,32,38","REGULAR DRAWING"
"07/05/2023","20,25,26,27,36,44","DOUBLE PLAY DRAWING"
"07/01/2023","10,11,17,26,31,34","REGULAR DRAWING"
"07/01/2023","7,17,28,41,44,47","DOUBLE PLAY DRAWING"
"06/28/2023","23,27,30,34,40,42","REGULAR DRAWING"
"06/28/2023","2,15,19,23,34,39","DOUBLE PLAY DRAWING"
"06/24/2023","4,7,14,15,19,28","REGULAR DRAWING"
"06/24/2023","9,10,14,20,21,35","DOUBLE PLAY DRAWING"
"06/21/2023","4,5,10,18,44,47","REGULAR DRAWING"
"06/21/2023","7,10,24,30,40,45","DOUBLE PLAY DRAWING"
"06/17/2023","6,13,17,18,21,44","REGULAR DRAWING"
"06/17/2023","3,4,5,8,24,30","DOUBLE PLAY DRAWING"
"06/14/2023","15,17,22,23,27,34","REGULAR DRAWING"
"06/14/2023","14,20,22,25,33,39","DOUBLE PLAY DRAWING"
"06/10/2023","7,11,14,17,23,30","REGULAR DRAWING"
"06/10/2023","5,15,18,21,30,40","DOUBLE PLAY DRAWING"
"06/07/2023","17,21,35,37,42,44","REGULAR DRAWING"
"06/07/2023","4,13,15,20,33,41","DOUBLE PLAY DRAWING"
"06/03/2023","1,9,21,23,32,47","REGULAR DRAWING"
"06/03/2023","3,14,19,26,33,45","DOUBLE PLAY DRAWING"
"05/31/2023","20,24,34,36,39,45","REGULAR DRAWING"
"05/31/2023","12,19,20,34,40,41","DOUBLE PLAY DRAWING"
"05/27/2023","3,4,7,15,25,46","REGULAR DRAWING"
"05/27/2023","8,23,26,40,41,47","DOUBLE PLAY DRAWING"
"05/24/2023","4,13,16,18,26,35","REGULAR DRAWING"
"05/24/2023","1,6,10,22,28,34","DOUBLE PLAY DRAWING"
"05/20/2023","18,20,28,31,40,46","REGULAR DRAWING"
"05/20/2023","7,12,13,29,39,40","DOUBLE PLAY DRAWING"
"05/17/2023","4,5,7,19,33,47","REGULAR DRAWING"
"05/17/2023","6,9,25,31,34,41","DOUBLE PLAY DRAWING"
"05/13/2023","4,16,35,38,44,47","REGULAR DRAWING"
"05/13/2023","2,16,40,41,43,45","DOUBLE PLAY DRAWING"
"05/10/2023","13,14,16,35,39,46","REGULAR DRAWING"
"05/10/2023","8,9,14,19,21,27","DOUBLE PLAY DRAWING"
"05/06/2023","6,17,26,32,36,40","REGULAR DRAWING"
"05/06/2023","3,5,23,29,33,37","DOUBLE PLAY DRAWING"
"05/03/2023","13,22,29,36,38,40","REGULAR DRAWING"
"05/03/2023","2,6,14,36,44,47","DOUBLE PLAY DRAWING"
"04/29/2023","19,32,37,38,42,44","REGULAR DRAWING"
"04/29/2023","5,6,17,36,38,42","DOUBLE PLAY DRAWING"
"04/26/2023","8,15,22,30,31,33","REGULAR DRAWING"
"04/26/2023","3,13,16,22,25,45","DOUBLE PLAY DRAWING"
"04/22/2023","5,22,29,33,40,42","REGULAR DRAWING"
"04/22/2023","1,12,13,25,28,41","DOUBLE PLAY DRAWING"
"04/19/2023","3,13,20,30,41,47","REGULAR DRAWING"
"04/19/2023","1,3,4,15,28,42","DOUBLE PLAY DRAWING"
"04/15/2023","1,5,6,15,23,25","REGULAR DRAWING"
"04/15/2023","4,5,21,23,29,39","DOUBLE PLAY DRAWING"
"04/12/2023","8,9,20,26,31,33","REGULAR DRAWING"
"04/12/2023","11,14,28,34,43,47","DOUBLE PLAY DRAWING"
"04/08/2023","2,4,14,24,26,37","REGULAR DRAWING"
"04/08/2023","5,10,22,25,28,44","DOUBLE PLAY DRAWING"
"04/05/2023","3,9,10,19,20,46","REGULAR DRAWING"
"04/05/2023","7,21,23,35,36,38","DOUBLE PLAY DRAWING"
"04/01/2023","4,8,17,19,24,45","REGULAR DRAWING"
"04/01/2023","2,6,25,33,36,38","DOUBLE PLAY DRAWING"
"03/29/2023","11,15,30,34,35,43","REGULAR DRAWING"
"03/29/2023","5,17,28,37,38,40","DOUBLE PLAY DRAWING"
"03/25/2023","2,10,13,22,28,45","REGULAR DRAWING"
"03/25/2023","15,17,28,30,32,45","DOUBLE PLAY DRAWING"
"03/22/2023","22,26,32,33,37,38","REGULAR DRAWING"
"03/22/2023","2,9,19,39,41,44","DOUBLE PLAY DRAWING"
"03/18/2023","6,18,25,28,29,35","REGULAR DRAWING"
"03/18/2023","1,8,19,27,37,41","DOUBLE PLAY DRAWING"
"03/15/2023","3,8,9,13,20,34","REGULAR DRAWING"
"03/15/2023","8,11,13,27,40,47","DOUBLE PLAY DRAWING"
"03/11/2023","4,10,18,26,40,46","REGULAR DRAWING"
"03/11/2023","3,18,26,34,41,47","DOUBLE PLAY DRAWING"
"03/08/2023","2,9,14,18,20,36","REGULAR DRAWING"
"03/08/2023","4,9,21,31,37,40","DOUBLE PLAY DRAWING"
"03/04/2023","2,4,7,9,11,18","REGULAR DRAWING"
"03/04/2023","2,7,12,23,40,45","DOUBLE PLAY DRAWING"
"03/01/2023","1,12,30,34,37,41","REGULAR DRAWING"
"03/01/2023","3,6,14,19,24,32","DOUBLE PLAY DRAWING"
"02/25/2023","15,23,28,29,30,43","REGULAR DRAWING"
"02/25/2023","11,21,27,28,31,41","DOUBLE PLAY DRAWING"
"02/22/2023","6,10,13,25,41,47","REGULAR DRAWING"
"02/22/2023","7,24,27,33,43,45","DOUBLE PLAY DRAWING"
"02/18/2023","2,11,15,19,20,27","REGULAR DRAWING"
"02/18/2023","3,20,33,40,41,45","DOUBLE PLAY DRAWING"
"02/15/2023","13,27,30,33,39,45","REGULAR DRAWING"
"02/15/2023","5,9,11,20,37,43","DOUBLE PLAY DRAWING"
"02/11/2023","3,8,18,26,30,44","REGULAR DRAWING"
"02/11/2023","9,16,17,22,28,36","DOUBLE PLAY DRAWING"
"02/08/2023","21,26,27,35,42,45","REGULAR DRAWING"
"02/08/2023","8,19,23,27,30,38","DOUBLE PLAY DRAWING"
"02/04/2023","7,14,15,26,29,31","REGULAR DRAWING"
"02/04/2023","9,11,13,15,26,36","DOUBLE PLAY DRAWING"
"02/01/2023","4,7,12,17,30,36","REGULAR DRAWING"
"02/01/2023","1,3,25,32,37,43","DOUBLE PLAY DRAWING"
"01/28/2023","18,24,28,30,32,39","REGULAR DRAWING"
"01/28/2023","12,22,24,27,36,47","DOUBLE PLAY DRAWING"
"01/25/2023","4,14,15,33,41,44","REGULAR DRAWING"
"01/25/2023","20,21,31,38,39,41","DOUBLE PLAY DRAWING"
"01/21/2023","1,2,11,26,34,41","REGULAR DRAWING"
"01/21/2023","2,30,34,36,41,46","DOUBLE PLAY DRAWING"
"01/18/2023","6,18,26,28,45,47","REGULAR DRAWING"
"01/18/2023","1,7,11,25,36,38","DOUBLE PLAY DRAWING"
"01/14/2023","1,7,17,21,38,39","REGULAR DRAWING"
"01/14/2023","2,11,26,32,37,46","DOUBLE PLAY DRAWING"
"01/11/2023","6,7,21,33,36,41","REGULAR DRAWING"
"01/11/2023","4,17,24,28,29,38","DOUBLE PLAY DRAWING"
"01/07/2023","2,9,20,22,24,39","REGULAR DRAWING"
"01/07/2023","4,10,13,23,27,40","DOUBLE PLAY DRAWING"
"01/04/2023","3,5,17,36,41,46","REGULAR DRAWING"
"01/04/2023","15,17,21,22,24,32","DOUBLE PLAY DRAWING"
"12/31/2022","1,22,24,29,38,40","REGULAR DRAWING"
"12/31/2022","2,6,17,33,34,38","DOUBLE PLAY DRAWING"
"12/28/2022","3,22,28,38,40,43","REGULAR DRAWING"
"12/28/2022","12,13,29,35,36,40","DOUBLE PLAY DRAWING"
"12/24/2022","17,18,19,32,36,46","REGULAR DRAWING"
"12/24/2022","6,14,28,38,42,44","DOUBLE PLAY DRAWING"
"12/21/2022","3,28,31,39,43,47","REGULAR DRAWING"
"12/21/2022","1,23,24,25,30,37","DOUBLE PLAY DRAWING"
"12/17/2022","3,15,16,25,28,32","REGULAR DRAWING"
"12/17/2022","9,12,14,22,23,37","DOUBLE PLAY DRAWING"
"12/14/2022","1,13,22,32,34,40","REGULAR DRAWING"
"12/14/2022","1,6,14,16,23,45","DOUBLE PLAY DRAWING"
"12/10/2022","4,7,8,18,25,35","REGULAR DRAWING"
"12/10/2022","5,7,10,28,30,44","DOUBLE PLAY DRAWING"
"12/07/2022","9,15,20,25,27,43","REGULAR DRAWING"
"12/07/2022","5,10,31,36,41,43","DOUBLE PLAY DRAWING"
"12/03/2022","7,10,19,39,43,46","REGULAR DRAWING"
"12/03/2022","4,9,11,14,16,19","DOUBLE PLAY DRAWING"
"11/30/2022","5,12,13,17,30,37","REGULAR DRAWING"
"11/30/2022","10,27,29,30,39,43","DOUBLE PLAY DRAWING"
"11/26/2022","25,34,38,41,42,46","REGULAR DRAWING"
"11/26/2022","6,20,27,30,37,44","DOUBLE PLAY DRAWING"
"11/23/2022","1,3,8,9,15,37","REGULAR DRAWING"
"11/23/2022","6,8,14,25,28,31","DOUBLE PLAY DRAWING"
"11/19/2022","10,13,31,37,38,41","REGULAR DRAWING"
"11/19/2022","7,8,12,23,24,25","DOUBLE PLAY DRAWING"
"11/16/2022","2,5,10,19,21,24","REGULAR DRAWING"
"11/16/2022","3,8,18,19,25,41","DOUBLE PLAY DRAWING"
"11/12/2022","2,3,10,17,42,44","REGULAR DRAWING"
"11/12/2022","9,22,24,27,37,41","DOUBLE PLAY DRAWING"
"11/09/2022","5,20,21,25,36,43","REGULAR DRAWING"
"11/09/2022","8,10,11,13,24,44","DOUBLE PLAY DRAWING"
"11/05/2022","2,4,8,23,28,34","REGULAR DRAWING"
"11/05/2022","7,11,20,34,38,40","DOUBLE PLAY DRAWING"
"11/02/2022","1,9,12,20,26,47","REGULAR DRAWING"
"11/02/2022","15,16,24,32,34,40","DOUBLE PLAY DRAWING"
"10/29/2022","19,24,29,38,39,47","REGULAR DRAWING"
"10/29/2022","3,16,34,35,39,45","DOUBLE PLAY DRAWING"
"10/26/2022","5,10,40,44,45,46","REGULAR DRAWING"
"10/26/2022","13,15,19,27,37,46","DOUBLE PLAY DRAWING"
"10/22/2022","8,9,17,20,39,46","REGULAR DRAWING"
"10/22/2022","5,15,21,36,42,44","DOUBLE PLAY DRAWING"
"10/19/2022","2,18,19,24,31,42","REGULAR DRAWING"
"10/19/2022","5,7,13,32,40,45","DOUBLE PLAY DRAWING"
"10/15/2022","6,8,11,31,42,45","REGULAR DRAWING"
"10/15/2022","2,8,9,18,30,32","DOUBLE PLAY DRAWING"
"10/12/2022","20,29,42,43,45,46","REGULAR DRAWING"
"10/12/2022","2,5,11,21,40,42","DOUBLE PLAY DRAWING"
"10/08/2022","3,4,11,18,20,44","REGULAR DRAWING"
"10/08/2022","4,7,26,39,44,47","DOUBLE PLAY DRAWING"
"10/05/2022","9,11,20,23,41,44","REGULAR DRAWING"
"10/05/2022","2,20,25,29,37,39","DOUBLE PLAY DRAWING"
"10/01/2022","5,6,16,17,21,46","REGULAR DRAWING"
"10/01/2022","22,23,25,33,46,47","DOUBLE PLAY DRAWING"
"09/28/2022","2,5,14,30,32,42","REGULAR DRAWING"
"09/28/2022","11,12,17,22,41,47","DOUBLE PLAY DRAWING"
"09/24/2022","5,11,29,32,34,47","REGULAR DRAWING"
"09/24/2022","2,10,19,21,36,41","DOUBLE PLAY DRAWING"
"09/21/2022","1,6,9,12,23,35","REGULAR DRAWING"
"09/21/2022","2,19,30,40,46,47","DOUBLE PLAY DRAWING"
"09/17/2022","19,33,37,39,41,43","REGULAR DRAWING"
"09/17/2022","7,30,37,40,43,44","DOUBLE PLAY DRAWING"
"09/14/2022","7,9,18,21,34,36","REGULAR DRAWING"
"09/14/2022","8,18,22,35,44,45","DOUBLE PLAY DRAWING"
"09/10/2022","2,10,12,32,37,41","REGULAR DRAWING"
"09/10/2022","7,14,17,23,29,40","DOUBLE PLAY DRAWING"
"09/07/2022","2,11,22,28,33,39","REGULAR DRAWING"
"09/07/2022","9,16,29,35,41,43","DOUBLE PLAY DRAWING"
"09/03/2022","13,26,29,41,42,43","REGULAR DRAWING"
"09/03/2022","4,7,14,21,34,39","DOUBLE PLAY DRAWING"
"08/31/2022","9,10,16,24,26,27","REGULAR DRAWING"
"08/31/2022","4,16,31,32,44,47","DOUBLE PLAY DRAWING"
"08/27/2022","7,11,12,26,27,42","REGULAR DRAWING"
"08/27/2022","1,5,18,26,32,41","DOUBLE PLAY DRAWING"
"08/24/2022","24,30,33,37,40,47","REGULAR DRAWING"
"08/24/2022","10,14,16,31,32,38","DOUBLE PLAY DRAWING"
"08/20/2022","9,11,22,25,28,43","REGULAR DRAWING"
"08/20/2022","10,12,22,24,37,44","DOUBLE PLAY DRAWING"
"08/17/2022","12,16,35,39,42,43","REGULAR DRAWING"
"08/17/2022","11,24,31,33,36,37","DOUBLE PLAY DRAWING"
"08/13/2022","13,16,24,27,31,33","REGULAR DRAWING"
"08/13/2022","5,6,7,11,13,46","DOUBLE PLAY DRAWING"
"08/10/2022","3,19,25,33,37,38","REGULAR DRAWING"
"08/10/2022","1,5,14,16,38,42","DOUBLE PLAY DRAWING"
"08/06/2022","7,8,21,23,44,46","REGULAR DRAWING"
"08/06/2022","1,2,3,23,32,44","DOUBLE PLAY DRAWING"
"08/03/2022","2,4,9,17,28,46","REGULAR DRAWING"
"08/03/2022","6,7,24,37,38,41","DOUBLE PLAY DRAWING"
"07/30/2022","1,3,10,14,18,39","REGULAR DRAWING"
"07/30/2022","6,9,24,29,30,35","DOUBLE PLAY DRAWING"
"07/27/2022","2,17,22,31,38,43","REGULAR DRAWING"
"07/27/2022","5,8,21,32,36,42","DOUBLE PLAY DRAWING"
"07/23/2022","4,8,11,18,45,46","REGULAR DRAWING"
"07/23/2022","5,7,25,31,32,42","DOUBLE PLAY DRAWING"
"07/20/2022","2,17,19,21,28,40","REGULAR DRAWING"
"07/20/2022","5,9,19,21,32,34","DOUBLE PLAY DRAWING"
"07/16/2022","4,14,21,33,34,39","REGULAR DRAWING"
"07/16/2022","3,4,24,25,27,45","DOUBLE PLAY DRAWING"
"07/13/2022","5,17,19,24,35,38","REGULAR DRAWING"
"07/13/2022","15,16,27,31,33,36","DOUBLE PLAY DRAWING"
"07/09/2022","7,10,28,31,32,42","REGULAR DRAWING"
"07/09/2022","3,5,16,17,23,40","DOUBLE PLAY DRAWING"
"07/06/2022","8,16,35,41,42,44","REGULAR DRAWING"
"07/06/2022","1,13,17,36,37,44","DOUBLE PLAY DRAWING"
"07/02/2022","3,5,26,28,33,44","REGULAR DRAWING"
"07/02/2022","12,21,35,40,41,47","DOUBLE PLAY DRAWING"
"06/29/2022","23,26,29,32,34,41","REGULAR DRAWING"
"06/29/2022","17,18,20,21,24,47","DOUBLE PLAY DRAWING"
"06/25/2022","8,24,26,29,40,41","REGULAR DRAWING"
"06/25/2022","14,17,23,27,36,47","DOUBLE PLAY DRAWING"
"06/22/2022","5,10,17,21,25,27","REGULAR DRAWING"
"06/22/2022","6,8,27,32,35,37","DOUBLE PLAY DRAWING"
"06/18/2022","2,4,6,17,31,36","REGULAR DRAWING"
"06/18/2022","4,5,12,24,36,37","DOUBLE PLAY DRAWING"
"06/15/2022","1,25,38,43,46,47","REGULAR DRAWING"
"06/15/2022","6,12,13,21,40,47","DOUBLE PLAY DRAWING"
"06/11/2022","2,7,22,37,39,45","REGULAR DRAWING"
"06/11/2022","1,9,11,23,40,44","DOUBLE PLAY DRAWING"
"06/08/2022","1,6,10,12,16,23","REGULAR DRAWING"
"06/08/2022","4,15,32,38,41,43","DOUBLE PLAY DRAWING"
"06/04/2022","3,15,17,23,33,42","REGULAR DRAWING"
"06/04/2022","5,12,13,27,28,46","DOUBLE PLAY DRAWING"
"06/01/2022","7,18,22,23,25,45","REGULAR DRAWING"
"06/01/2022","18,23,28,31,32,36","DOUBLE PLAY DRAWING"
"05/28/2022","10,15,16,30,35,36","REGULAR DRAWING"
"05/28/2022","11,14,16,23,33,38","DOUBLE PLAY DRAWING"
"05/25/2022","11,13,27,29,33,47","REGULAR DRAWING"
"05/25/2022","1,7,23,29,30,46","DOUBLE PLAY DRAWING"
"05/21/2022","8,11,17,24,28,42","REGULAR DRAWING"
"05/21/2022","11,12,21,26,36,38","DOUBLE PLAY DRAWING"
"05/18/2022","14,18,19,31,38,44","REGULAR DRAWING"
"05/18/2022","2,5,7,10,20,47","DOUBLE PLAY DRAWING"
"05/14/2022","11,16,31,36,44,45","REGULAR DRAWING"
"05/14/2022","5,9,17,26,42,46","DOUBLE PLAY DRAWING"
"05/11/2022","2,4,10,21,37,40","REGULAR DRAWING"
"05/11/2022","5,7,29,38,39,47","DOUBLE PLAY DRAWING"
"05/07/2022","12,14,24,33,39,44","REGULAR DRAWING"
"05/07/2022","1,7,22,24,39,41","DOUBLE PLAY DRAWING"
"05/04/2022","7,10,14,24,32,41","REGULAR DRAWING"
"05/04/2022","7,17,18,21,36,43","DOUBLE PLAY DRAWING"
"04/30/2022","1,4,11,14,16,36","REGULAR DRAWING"
"04/30/2022","1,4,5,6,35,43","DOUBLE PLAY DRAWING"
"04/27/2022","1,27,30,38,43,47","REGULAR DRAWING"
"04/27/2022","6,18,27,28,29,32","DOUBLE PLAY DRAWING"
"04/23/2022","7,8,22,35,38,39","REGULAR DRAWING"
"04/23/2022","1,3,13,26,29,39","DOUBLE PLAY DRAWING"
"04/20/2022","4,6,11,17,23,31","REGULAR DRAWING"
"04/20/2022","18,21,27,28,37,38","DOUBLE PLAY DRAWING"
"04/16/2022","1,2,6,23,42,44","REGULAR DRAWING"
"04/16/2022","1,3,14,25,35,45","DOUBLE PLAY DRAWING"
"04/13/2022","3,12,14,15,32,35","REGULAR DRAWING"
"04/13/2022","1,7,14,29,31,33","DOUBLE PLAY DRAWING"
"04/09/2022","6,7,10,20,25,42","REGULAR DRAWING"
"04/09/2022","22,24,26,40,43,44","DOUBLE PLAY DRAWING"
"04/06/2022","4,9,30,32,40,45","REGULAR DRAWING"
"04/06/2022","23,31,33,40,44,45","DOUBLE PLAY DRAWING"
"04/02/2022","2,10,17,30,43,46","REGULAR DRAWING"
"04/02/2022","3,9,16,21,35,46","DOUBLE PLAY DRAWING"
"03/30/2022","7,9,29,34,35,41","REGULAR DRAWING"
"03/30/2022","2,7,11,15,32,40","DOUBLE PLAY DRAWING"
"03/26/2022","2,13,14,28,35,41","REGULAR DRAWING"
"03/26/2022","5,6,8,17,30,34","DOUBLE PLAY DRAWING"
"03/23/2022","10,11,13,15,35,38","REGULAR DRAWING"
"03/23/2022","6,7,15,17,35,37","DOUBLE PLAY DRAWING"
"03/19/2022","1,3,11,28,35,43","REGULAR DRAWING"
"03/19/2022","2,4,7,14,17,21","DOUBLE PLAY DRAWING"
"03/16/2022","11,33,37,38,39,40","REGULAR DRAWING"
"03/16/2022","12,13,19,23,26,41","DOUBLE PLAY DRAWING"
"03/12/2022","9,21,25,35,40,42","REGULAR DRAWING"
"03/12/2022","4,15,17,31,32,37","DOUBLE PLAY DRAWING"
"03/09/2022","27,28,29,33,41,42","REGULAR DRAWING"
"03/09/2022","16,17,22,28,32,34","DOUBLE PLAY DRAWING"
"03/05/2022","5,7,15,18,19,35","REGULAR DRAWING"
"03/05/2022","4,28,29,30,40,47","DOUBLE PLAY DRAWING"
"03/02/2022","14,22,27,30,32,40","REGULAR DRAWING"
"03/02/2022","3,29,32,33,34,35","DOUBLE PLAY DRAWING"
"02/26/2022","8,15,22,28,43,46","REGULAR DRAWING"
"02/26/2022","6,7,20,24,41,45","DOUBLE PLAY DRAWING"
"02/23/2022","6,10,20,26,28,45","REGULAR DRAWING"
"02/23/2022","11,18,23,28,39,47","DOUBLE PLAY DRAWING"
"02/19/2022","7,14,26,29,43,47","REGULAR DRAWING"
"02/19/2022","2,3,4,14,19,40","DOUBLE PLAY DRAWING"
"02/16/2022","6,11,12,31,38,43","REGULAR DRAWING"
"02/16/2022","13,17,28,30,31,43","DOUBLE PLAY DRAWING"
"02/12/2022","6,22,32,33,40,46","REGULAR DRAWING"
"02/12/2022","21,33,36,37,43,47","DOUBLE PLAY DRAWING"
"02/09/2022","3,4,12,13,34,42","REGULAR DRAWING"
"02/09/2022","4,11,22,26,30,36","DOUBLE PLAY DRAWING"
"02/05/2022","1,17,25,32,36,39","REGULAR DRAWING"
"02/05/2022","1,2,9,12,26,46","DOUBLE PLAY DRAWING"
"02/02/2022","3,4,5,25,34,37","REGULAR DRAWING"
"02/02/2022","6,12,14,24,33,47","DOUBLE PLAY DRAWING"
"01/29/2022","4,22,29,40,44,45","REGULAR DRAWING"
"01/29/2022","13,21,33,36,38,47","DOUBLE PLAY DRAWING"
"01/26/2022","5,16,25,34,38,43","REGULAR DRAWING"
"01/26/2022","12,22,32,33,42,45","DOUBLE PLAY DRAWING"
"01/22/2022","8,22,28,31,35,42","REGULAR DRAWING"
"01/22/2022","25,27,33,34,37,42","DOUBLE PLAY DRAWING"
"01/19/2022","7,12,19,30,43,47","REGULAR DRAWING"
"01/19/2022","7,11,12,20,27,32","DOUBLE PLAY DRAWING"
"01/15/2022","1,6,19,33,35,38","REGULAR DRAWING"
"01/15/2022","13,25,33,37,40,46","DOUBLE PLAY DRAWING"
"01/12/2022","1,15,21,23,27,31","REGULAR DRAWING"
"01/12/2022","4,6,8,17,23,39","DOUBLE PLAY DRAWING"
"01/08/2022","2,7,13,23,26,28","REGULAR DRAWING"
"01/08/2022","16,18,24,31,43,46","DOUBLE PLAY DRAWING"
"01/05/2022","14,15,17,25,33,38","REGULAR DRAWING"
"01/05/2022","1,4,13,15,29,42","DOUBLE PLAY DRAWING"
"01/01/2022","12,15,20,39,44,46","REGULAR DRAWING"
"01/01/2022","4,6,15,35,41,42","DOUBLE PLAY DRAWING"